[
    {
        "question_template": "分析文中画线句在文中的作用",
        "answer_method": "1. 确定画线句在文中的位置（如第几段）。2. 分析画线句在结构上的作用（如承上启下、铺垫等）。3. 分析画线句在内容与情感上的作用（如深化主题、丰富内容层次等）。4. 分析画线句在表达效果上的作用（如增强感染力、使抽象情感具体化等）。5. 结合具体文本内容，详细阐述上述分析点。"
    },
    {
        "question_template": "为什么当前的[技术领域]在[性能指标]上与[对比对象]存在非常大的差距？",
        "answer_method": "1. 确定[技术领域]和[对比对象]在[性能指标]上的具体差异。2. 分析[技术领域]当前的工作原理和限制。3. 探讨[对比对象]在相同[性能指标]上的优势及其原因。4. 提出可能的改进方向或解决方案，以减少差距。"
    },
    {
        "question_template": "[概念或理论]的本质是什么？",
        "answer_method": "1. 确定问题中提到的[概念或理论]的核心组成部分或关键要素。2. 分析这些组成部分或要素如何相互作用或变化以达到其目的或功能。3. 总结这些相互作用或变化的核心目的或功能，即为[概念或理论]的本质。"
    },
    {
        "question_template": "[概念]是什么？",
        "answer_method": "1. 首先，明确[概念]的定义或基本含义。2. 其次，解释[概念]的工作原理或过程。3. 最后，可以举例说明[概念]在实际中的应用或重要性。"
    },
    {
        "question_template": "[算法名称]的作用是什么？",
        "answer_method": "1. 确定算法的主要功能或目的。2. 解释算法如何实现这一功能或目的。3. 如果适用，提供算法应用的例子或场景。"
    },
    {
        "question_template": "为什么[特定技术或方法]需要[特定特性或结构]？",
        "answer_method": "1. 理解[特定技术或方法]的基本原理和目的。2. 分析[特定特性或结构]如何支持或增强[特定技术或方法]的功能。3. 考虑如果没有[特定特性或结构]，[特定技术或方法]可能会遇到哪些限制或问题。4. 结合具体例子或理论，解释[特定特性或结构]的重要性。"
    },
    {
        "question_template": "现代[技术领域]的[具体过程]对[资源类型]和[能源类型]的需求如何？",
        "answer_method": "1. 确定技术领域的具体过程。2. 识别该过程所依赖的主要资源类型和能源类型。3. 收集和分析相关数据或研究，评估需求级别。4. 总结需求的特点和规模，如是否属于高需求或天文数字级。"
    },
    {
        "question_template": "什么是[概念]？",
        "answer_method": "1. 确定[概念]的定义或核心含义。2. 解释[概念]在特定领域或上下文中的重要性或影响。3. 如果适用，提供[概念]的例子或应用场景。"
    },
    {
        "question_template": "[行为或现象]在[系统或领域]中的作用是什么？",
        "answer_method": "1. 确定[行为或现象]和[系统或领域]的具体内容。2. 分析[行为或现象]对[系统或领域]的直接影响和间接影响。3. 总结[行为或现象]在[系统或领域]中的主要作用，包括但不限于巩固、整合、重塑等过程。4. 提供具体的例子或研究结果支持总结的作用。"
    },
    {
        "question_template": "[脑部结构]在[功能]中的作用是什么？",
        "answer_method": "1. 确定问题中提到的脑部结构和功能。2. 回顾相关脑部结构的功能和其在整体大脑运作中的角色。3. 结合具体的研究或理论，解释该脑部结构在特定功能中的作用。4. 提供具体的例子或证据支持解释。"
    },
    {
        "question_template": "[概念/假说名称]是什么？",
        "answer_method": "1. 首先，明确问题中提到的概念或假说的名称。2. 然后，查找并理解该概念或假说的定义和核心内容。3. 最后，用自己的话简洁明了地解释该概念或假说，确保涵盖其主要观点和意义。"
    },
    {
        "question_template": "[睡眠阶段]对[记忆功能]的作用是什么？",
        "answer_method": "1. 确定所问的睡眠阶段和记忆功能的具体方面。2. 解释该睡眠阶段如何影响记忆的加工、巩固或整合。3. 提供科学依据或研究结果支持解释。4. 如果可能，举例说明该睡眠阶段对记忆功能的具体影响。"
    },
    {
        "question_template": "人们是否在[特定活动或状态]中[学习或掌握][某种知识或技能]？",
        "answer_method": "1. 首先，明确[特定活动或状态]和[某种知识或技能]的具体含义和范围。2. 其次，查阅相关研究或科学证据，了解在[特定活动或状态]下人类大脑对[某种知识或技能]的处理能力。3. 然后，分析这些研究或证据的可靠性和普遍性，判断其是否支持在[特定活动或状态]中[学习或掌握][某种知识或技能]的可能性。4. 最后，综合现有信息，给出一个基于证据的结论，说明在[特定活动或状态]中[学习或掌握][某种知识或技能]的可行性及其可能的效果。"
    }
]