{
    "chapters": [
        {
            "index": 1,
            "name": "解析神经网络训练耗时与人脑学习效率的差异，兼论睡眠的奥秘",
            "type": "tree",
            "starting_page": 1,
            "ending_page": 4,
            "children": [
                {
                    "index": 1,
                    "name": "引言",
                    "type": "leaf",
                    "starting_page": 1,
                    "ending_page": 1,
                    "actual_starting_page": "page0001.txt",
                    "children": "",
                    "generated_path_id": "1.1",
                    "actual_ending_page": "page0001.txt"
                },
                {
                    "index": 2,
                    "name": "一、神经网络的训练机制与瓶颈",
                    "type": "leaf",
                    "starting_page": 1,
                    "ending_page": 2,
                    "actual_starting_page": "page0001.txt",
                    "children": "",
                    "generated_path_id": "1.2",
                    "actual_ending_page": "page0002.txt"
                },
                {
                    "index": 3,
                    "name": "二、睡眠：人脑学习与记忆的‘秘密武器’",
                    "type": "tree",
                    "starting_page": 2,
                    "ending_page": 3,
                    "children": [
                        {
                            "index": 1,
                            "name": "1．海马体记忆",
                            "type": "leaf",
                            "starting_page": 2,
                            "ending_page": 2,
                            "actual_starting_page": "page0002.txt",
                            "children": "",
                            "generated_path_id": "1.3.1",
                            "actual_ending_page": "page0002.txt"
                        },
                        {
                            "index": 2,
                            "name": "2. 突触稳态假说",
                            "type": "leaf",
                            "starting_page": 2,
                            "ending_page": 3,
                            "actual_starting_page": "page0002.txt",
                            "children": "",
                            "generated_path_id": "1.3.2",
                            "actual_ending_page": "page0003.txt"
                        },
                        {
                            "index": 3,
                            "name": "3．记忆重组与抽象",
                            "type": "leaf",
                            "starting_page": 3,
                            "ending_page": 3,
                            "actual_starting_page": "page0003.txt",
                            "children": "",
                            "generated_path_id": "1.3.3",
                            "actual_ending_page": "page0003.txt"
                        },
                        {
                            "index": 4,
                            "name": "4. 睡眠中能否学习新知识？",
                            "type": "leaf",
                            "starting_page": 3,
                            "ending_page": 3,
                            "actual_starting_page": "page0003.txt",
                            "children": "",
                            "generated_path_id": "1.3.4",
                            "actual_ending_page": "page0003.txt"
                        }
                    ],
                    "generated_path_id": "1.3",
                    "actual_starting_page": "page0002.txt",
                    "actual_ending_page": "page0003.txt"
                },
                {
                    "index": 4,
                    "name": "三、对比与启示",
                    "type": "leaf",
                    "starting_page": 3,
                    "ending_page": 3,
                    "actual_starting_page": "page0003.txt",
                    "children": "",
                    "generated_path_id": "1.4",
                    "actual_ending_page": "page0003.txt"
                },
                {
                    "index": 5,
                    "name": "结论",
                    "type": "leaf",
                    "starting_page": 3,
                    "ending_page": 4,
                    "actual_starting_page": "page0003.txt",
                    "children": "",
                    "generated_path_id": "1.5",
                    "actual_ending_page": "page0004.txt"
                }
            ],
            "generated_path_id": "1",
            "actual_starting_page": "page0001.txt",
            "actual_ending_page": "page0004.txt"
        }
    ]
}