{
    "chapters": [
        {
            "index": 1,
            "name": "解析神经网络训练耗时与人脑学习效率的差异，兼论睡眠的奥秘",
            "type": "tree",
            "starting_page": 1,
            "ending_page": 4,
            "children": [
                {
                    "index": 1,
                    "name": "引言",
                    "type": "leaf",
                    "starting_page": 1,
                    "ending_page": 1,
                    "actual_starting_page": "page0001.txt",
                    "children": "",
                    "generated_path_id": "1.1",
                    "actual_ending_page": "page0001.txt",
                    "knowledge_points": [
                        "知识点1：神经网络在学习效率上与人类存在显著差距，例如需要大量样本和计算资源。",
                        "知识点2：神经网络的基本工作原理包括输入层、隐藏层和输出层，通过调整权重来优化输出。",
                        "知识点3：反向传播和梯度下降算法是神经网络训练的核心方法，但容易陷入局部最优。",
                        "知识点4：神经网络训练耗时巨大的原因是参数数量庞大、计算资源需求高以及能耗巨大。",
                        "知识点5：人类在学习和记忆巩固过程中利用睡眠来增强效率，这一特点可能为理解脑的学习效率提供新视角。",
                        "知识点6：神经网络面临‘灾难性遗忘’问题，难以同时保持对多个任务的记忆，而人类可以持续学习并整合新旧知识。",
                        "知识点7：神经网络在面对未见过的数据时泛化能力不足，这是另一个训练中的挑战。"
                    ]
                },
                {
                    "index": 2,
                    "name": "一、神经网络的训练机制与瓶颈",
                    "type": "leaf",
                    "starting_page": 1,
                    "ending_page": 2,
                    "actual_starting_page": "page0001.txt",
                    "children": "",
                    "generated_path_id": "1.2",
                    "actual_ending_page": "page0002.txt",
                    "knowledge_points": [
                        "知识点1：神经网络训练的基本原理包括数据驱动和反向传播，通过调整权重使输出接近标注，需反复迭代数千至百万次。",
                        "知识点2：梯度下降算法通过寻找误差函数的最小值来调整权重，但易陷入局部最优解，导致训练时间增加。",
                        "知识点3：神经网络训练需要大量计算资源，参数数量庞大，每次反向传播涉及密集的矩阵运算，对计算硬件和能源需求极高。",
                        "知识点4：灾难性遗忘问题是神经网络的一个显著瓶颈，表现为在新任务训练中遗忘旧任务的知识。",
                        "知识点5：人类睡眠在记忆巩固、信息整合和突触重塑方面发挥重要作用，是神经网络所缺乏的关键机制。",
                        "知识点6：突触稳态假说表明睡眠可以下调不必要的突触连接强度，恢复突触的动态范围，从而支持持续学习。",
                        "知识点7：睡眠促进记忆的重组和抽象化，特别是在快速眼动睡眠阶段，有助于提升创造性思维和问题解决能力。",
                        "知识点8：睡眠对已学信息的巩固和优化至关重要，但并非有效的学习新知识的阶段。"
                    ]
                },
                {
                    "index": 3,
                    "name": "二、睡眠：人脑学习与记忆的‘秘密武器’",
                    "type": "tree",
                    "starting_page": 2,
                    "ending_page": 3,
                    "children": [
                        {
                            "index": 1,
                            "name": "1．海马体记忆",
                            "type": "leaf",
                            "starting_page": 2,
                            "ending_page": 2,
                            "actual_starting_page": "page0002.txt",
                            "children": "",
                            "generated_path_id": "1.3.1",
                            "actual_ending_page": "page0002.txt",
                            "knowledge_points": [
                                "知识点1：睡眠在人脑学习与记忆中扮演关键角色，是一种高度活跃的认知过程，有助于记忆巩固、信息整合及突触重塑。",
                                "知识点2：海马体是新记忆的“临时存储区”，在清醒时学习的信息会先存储于此，但在睡眠中通过与大脑皮层的交互，将记忆痕迹传输至更稳定的大脑皮层区域，从而巩固记忆并防止遗忘。",
                                "知识点3：突触稳态假说表明，睡眠尤其是慢波睡眠可以下调不必要的突触连接强度，恢复突触的动态范围，维持大脑的可塑性和高效学习能力。",
                                "知识点4：睡眠，特别是快速眼动睡眠（REM），不仅巩固记忆，还促进记忆的重组、整合和抽象化，有助于提升创造性思维和问题解决能力。",
                                "知识点5：睡眠不是直接学习新知识的有效阶段，但在睡眠中通过特定刺激可以增强相关记忆的巩固，同时内隐学习（如技能学习）可能在睡眠中进一步强化。",
                                "知识点6：睡眠在学习效率上的表现优于当前人工神经网络，体现了生物学习机制的独特优势。"
                            ]
                        },
                        {
                            "index": 2,
                            "name": "2. 突触稳态假说",
                            "type": "leaf",
                            "starting_page": 2,
                            "ending_page": 3,
                            "actual_starting_page": "page0002.txt",
                            "children": "",
                            "generated_path_id": "1.3.2",
                            "actual_ending_page": "page0003.txt",
                            "knowledge_points": [
                                "睡眠在人脑学习与记忆中扮演关键角色，特别是在记忆巩固和信息整合方面。",
                                "海马体是新记忆的‘临时存储区’，在慢波睡眠期间与大脑皮层进行有效‘对话’以巩固记忆。",
                                "突触稳态假说解释了睡眠的重要性，认为睡眠可以下调不重要的突触连接强度，恢复突触的动态范围。",
                                "快速眼动睡眠（REM）促进记忆的重组、整合和抽象化，有助于提升创造性思维和解决问题的能力。",
                                "睡眠主要通过记忆巩固和优化已学信息，而非直接学习新知识。",
                                "脑通过睡眠中的记忆巩固和突触稳态机制实现学习能力的持续优化，避免灾难性遗忘。",
                                "脑的高效学习得益于其并行、分布式结构和丰富的先验知识，与神经网络形成鲜明对比。",
                                "未来研究可借鉴脑机制，发展更高效的计算模型并模拟突触修剪和遗忘机制。",
                                "睡眠机制为构建更智能、更接近通用人工智能的系统提供了重要启示。"
                            ]
                        },
                        {
                            "index": 3,
                            "name": "3．记忆重组与抽象",
                            "type": "leaf",
                            "starting_page": 3,
                            "ending_page": 3,
                            "actual_starting_page": "page0003.txt",
                            "children": "",
                            "generated_path_id": "1.3.3",
                            "actual_ending_page": "page0003.txt",
                            "knowledge_points": [
                                "知识点1：脑具有强大的‘次学习’和‘少量样本学习’能力，能够从有限样本中提取关键特征并固化为知识。",
                                "知识点2：脑通过积累大量先验知识和世界模型，实现高效的‘迁移学习’，而神经网络需要依赖海量数据和重复迭代。",
                                "知识点3：脑的底层架构是高度并行、分布式且具有内置反馈循环的物理系统，具备更高的能量效率和时间编码能力。",
                                "知识点4：脑通过睡眠中的记忆巩固和突触稳态机制，实现学习能力的持续维持和优化，避免了神经网络中的‘灾难性遗忘’问题。",
                                "知识点5：借鉴生物机制，发展更接近生物脑的计算模型（如脉冲神经网络和神经形态计算），可以提升能量效率和学习效率。",
                                "知识点6：在神经网络训练中引入类似睡眠的记忆巩固机制（如‘经验回放’或‘知识蒸馏’），有助于整合新旧知识并防止灾难性遗忘。",
                                "知识点7：模拟突触修剪或‘遗忘’机制，可恢复模型的动态范围和泛化能力。",
                                "知识点8：脑是一个精妙的动态平衡系统，通过睡眠中的记忆巩固和突触下调机制有效整合信息并保持可塑性。",
                                "知识点9：理解并模拟脑的学习机制，特别是睡眠的作用，是实现通用人工智能的关键步骤。",
                                "知识点10：结合认知科学与智能研究，揭示脑学习与记忆的生物学奥秘，将推动构建更智能、更高效的人工智能系统。"
                            ]
                        },
                        {
                            "index": 4,
                            "name": "4. 睡眠中能否学习新知识？",
                            "type": "leaf",
                            "starting_page": 3,
                            "ending_page": 3,
                            "actual_starting_page": "page0003.txt",
                            "children": "",
                            "generated_path_id": "1.3.4",
                            "actual_ending_page": "page0003.txt",
                            "knowledge_points": [
                                "知识点1：脑具有强大的‘次学习’和‘少量样本学习’能力，可以从有限样本中提取关键特征并固化为知识。",
                                "知识点2：脑能够利用先验知识和世界模型实现高效的‘迁移学习’，而神经网络依赖于海量数据和重复迭代。",
                                "知识点3：脑的底层架构是高度并行、分布式且具有内建反馈循环的物理系统，具备更高的能量效率和时间编码能力。",
                                "知识点4：睡眠在脑的学习中起关键作用，通过记忆巩固和突触稳态机制维持和优化学习能力，避免灾难性遗忘和学习饱和问题。",
                                "知识点5：借鉴生物机制可以发展更接近生物脑的计算模型，如脉冲神经网络和神经形态计算，提升能量效率和学习效率。",
                                "知识点6：在神经网络训练中引入类似睡眠的记忆巩固机制，例如‘经验回放’或‘知识蒸馏’，有助于整合新旧知识并防止灾难性遗忘。",
                                "知识点7：睡眠机制为构建更智能、更高效、更接近通用智能的智能系统提供了启示，未来认知科学与人工智能研究将更加紧密结合。",
                                "知识点8：理解脑的卓越学习机制，特别是睡眠的作用，是实现通用人工智能的重要一步，但仍然面临重大挑战。"
                            ]
                        }
                    ],
                    "generated_path_id": "1.3",
                    "actual_starting_page": "page0002.txt",
                    "actual_ending_page": "page0003.txt"
                },
                {
                    "index": 4,
                    "name": "三、对比与启示",
                    "type": "leaf",
                    "starting_page": 3,
                    "ending_page": 3,
                    "actual_starting_page": "page0003.txt",
                    "children": "",
                    "generated_path_id": "1.4",
                    "actual_ending_page": "page0003.txt",
                    "knowledge_points": [
                        "知识点1：脑具有强的‘次学习’和‘少量样本学习’能力，可以从有限样本中快速提取关键特征并固化为知识。",
                        "知识点2：脑依赖于积累的先验知识和世界模型，实现高效的‘迁移学习’，而神经网络需要海量数据和重复迭代。",
                        "知识点3：脑是高度并行、分布式且具有内置反馈循环的物理系统，通过脉冲通信实现更高能效和时间编码能力。",
                        "知识点4：神经网络基于矩阵运算的数字模拟，在某些方面效率极高，但对数据和计算资源的需求巨大。",
                        "知识点5：脑通过睡眠中的记忆巩固和突触稳态机制维持和优化学习能力，避免‘灾难性遗忘’和学习饱和问题。",
                        "知识点6：可以借鉴生物机制发展更接近生物脑的计算模型，如脉冲神经网络和神经形态计算，提高能效和学习效率。",
                        "知识点7：可以在神经网络训练中引入类似睡眠的记忆巩固机制，如‘经验回放’或‘知识蒸馏’，避免灾难性遗忘。",
                        "知识点8：探索模拟突触修剪或‘遗忘’机制，以恢复模型的动态范围和泛化能力。",
                        "知识点9：脑是一个精妙的动态平衡系统，通过睡眠中的记忆巩固和突触下调机制有效整合信息并保持可塑性。",
                        "知识点10：未来认知科学与智能研究需结合，深入揭示脑学习与记忆的生物学奥秘，尤其是睡眠的深层机制。"
                    ]
                },
                {
                    "index": 5,
                    "name": "结论",
                    "type": "leaf",
                    "starting_page": 3,
                    "ending_page": 4,
                    "actual_starting_page": "page0003.txt",
                    "children": "",
                    "generated_path_id": "1.5",
                    "actual_ending_page": "page0004.txt",
                    "knowledge_points": [
                        "知识点1：脑具有强大的‘次学习’和‘少量样本学习’能力，可以从有限样本中提取关键特征并快速固化为知识。",
                        "知识点2：脑依赖于先验知识和世界模型，能够实现高效的迁移学习，而神经网络需要依赖海量数据和重复迭代。",
                        "知识点3：脑是高度并行、分布式且具有内置反馈循环的物理系统，能耗低且时间编码能力强。",
                        "知识点4：神经网络基于矩阵运算的数字模拟，在某些任务上效率极高，但对数据和计算资源的需求巨大。",
                        "知识点5：睡眠在脑的学习中起到关键作用，通过记忆巩固和突触稳态机制，避免了神经网络中的‘灾难性遗忘’和学习饱和问题。",
                        "知识点6：借鉴生物机制可以开发更接近生物脑的计算模型，如脉冲神经网络和神经形态计算，提高能量效率和学习效率。",
                        "知识点7：模拟睡眠中的记忆巩固过程，例如通过“经验回放”或“知识蒸馏”，有助于神经网络整合新旧知识，避免灾难性遗忘。",
                        "知识点8：未来的研究应深入揭示脑学习与记忆的生物学奥秘，特别是睡眠的深层机制，以推动智能系统的进一步发展。",
                        "知识点9：实现通用人工智能需要理解并模拟脑的卓越学习机制，尤其是睡眠的作用，这一领域仍需长期努力。"
                    ]
                }
            ],
            "generated_path_id": "1",
            "actual_starting_page": "page0001.txt",
            "actual_ending_page": "page0004.txt"
        }
    ]
}