{
    "chapters": [
        {
            "index": 1,
            "name": "引言",
            "type": "leaf",
            "starting_page": 1,
            "ending_page": 4,
            "actual_starting_page": "page0001.txt",
            "children": "",
            "generated_path_id": "1",
            "actual_ending_page": "page0004.txt",
            "knowledge_points": [
                "知识点1：神经网络在学习效率上与人类存在显著差距，需要大量数据和计算资源。",
                "知识点2：神经网络的训练瓶颈包括数据驱动与反向传播、梯度下降易陷入局部最优、计算资源需求巨大及灾难性遗忘问题。",
                "知识点3：睡眠在人类学习与记忆巩固中起到关键作用，包括海马体记忆、突触稳态假说、记忆重组与抽象化。",
                "知识点4：睡眠不仅是记忆巩固阶段，还可能通过标记忆再激活等方式强化已有的记忆。",
                "知识点5：神经网络缺乏类似睡眠的突触修剪或动态范围恢复机制，导致灾难性遗忘和学习饱和问题。",
                "知识点6：借鉴生物机制，可以发展更高效的神经网络模型，如脉冲神经网络或引入类似睡眠的机制以改善学习效率。",
                "知识点7：未来研究应结合认知科学与人工智能，揭示睡眠的深层机制以促进通向通用智能的发展。"
            ]
        },
        {
            "index": 2,
            "name": "一、神经网络的训练机制与瓶颈",
            "type": "leaf",
            "starting_page": 5,
            "ending_page": 10,
            "actual_starting_page": "page0005.txt",
            "children": "",
            "generated_path_id": "2",
            "actual_ending_page": "page0010.txt",
            "knowledge_points": []
        },
        {
            "index": 3,
            "name": "二、睡眠：人脑学习与记忆的‘秘密武器’",
            "type": "tree",
            "starting_page": 11,
            "ending_page": 18,
            "children": [
                {
                    "index": 1,
                    "name": "1．海马体记忆",
                    "type": "leaf",
                    "starting_page": 11,
                    "ending_page": 13,
                    "children": "",
                    "generated_path_id": "3.1",
                    "actual_starting_page": "page0011.txt",
                    "actual_ending_page": "page0013.txt",
                    "knowledge_points": []
                },
                {
                    "index": 2,
                    "name": "2. 突触稳态假说",
                    "type": "leaf",
                    "starting_page": 14,
                    "ending_page": 16,
                    "children": "",
                    "generated_path_id": "3.2",
                    "actual_starting_page": "page0014.txt",
                    "actual_ending_page": "page0016.txt",
                    "knowledge_points": []
                },
                {
                    "index": 3,
                    "name": "3．记忆重组与抽象",
                    "type": "leaf",
                    "starting_page": 17,
                    "ending_page": 18,
                    "children": "",
                    "generated_path_id": "3.3",
                    "actual_starting_page": "page0017.txt",
                    "actual_ending_page": "page0018.txt",
                    "knowledge_points": []
                }
            ],
            "generated_path_id": "3",
            "actual_starting_page": "page0011.txt",
            "actual_ending_page": "page0018.txt"
        },
        {
            "index": 4,
            "name": "三、对比与启示",
            "type": "leaf",
            "starting_page": 19,
            "ending_page": 22,
            "actual_starting_page": "page0019.txt",
            "children": "",
            "generated_path_id": "4",
            "actual_ending_page": "page0022.txt",
            "knowledge_points": []
        },
        {
            "index": 5,
            "name": "结论",
            "type": "leaf",
            "starting_page": 23,
            "ending_page": 26,
            "actual_starting_page": "page0023.txt",
            "children": "",
            "generated_path_id": "5",
            "actual_ending_page": "page0026.txt",
            "knowledge_points": []
        }
    ]
}