{
    "chapters": [
        {
            "index": 1,
            "name": "引言",
            "type": "leaf",
            "starting_page": 1,
            "ending_page": 4,
            "actual_starting_page": "page0001.txt",
            "children": "",
            "generated_path_id": "1",
            "actual_ending_page": "page0004.txt"
        },
        {
            "index": 2,
            "name": "一、神经网络的训练机制与瓶颈",
            "type": "leaf",
            "starting_page": 5,
            "ending_page": 10,
            "actual_starting_page": "page0005.txt",
            "children": "",
            "generated_path_id": "2",
            "actual_ending_page": "page0010.txt"
        },
        {
            "index": 3,
            "name": "二、睡眠：人脑学习与记忆的‘秘密武器’",
            "type": "tree",
            "starting_page": 11,
            "ending_page": 18,
            "children": [
                {
                    "index": 1,
                    "name": "1．海马体记忆",
                    "type": "leaf",
                    "starting_page": 11,
                    "ending_page": 13,
                    "children": "",
                    "generated_path_id": "3.1",
                    "actual_starting_page": "page0011.txt",
                    "actual_ending_page": "page0013.txt"
                },
                {
                    "index": 2,
                    "name": "2. 突触稳态假说",
                    "type": "leaf",
                    "starting_page": 14,
                    "ending_page": 16,
                    "children": "",
                    "generated_path_id": "3.2",
                    "actual_starting_page": "page0014.txt",
                    "actual_ending_page": "page0016.txt"
                },
                {
                    "index": 3,
                    "name": "3．记忆重组与抽象",
                    "type": "leaf",
                    "starting_page": 17,
                    "ending_page": 18,
                    "children": "",
                    "generated_path_id": "3.3",
                    "actual_starting_page": "page0017.txt",
                    "actual_ending_page": "page0018.txt"
                }
            ],
            "generated_path_id": "3",
            "actual_starting_page": "page0011.txt",
            "actual_ending_page": "page0018.txt"
        },
        {
            "index": 4,
            "name": "三、对比与启示",
            "type": "leaf",
            "starting_page": 19,
            "ending_page": 22,
            "actual_starting_page": "page0019.txt",
            "children": "",
            "generated_path_id": "4",
            "actual_ending_page": "page0022.txt"
        },
        {
            "index": 5,
            "name": "结论",
            "type": "leaf",
            "starting_page": 23,
            "ending_page": 26,
            "actual_starting_page": "page0023.txt",
            "children": "",
            "generated_path_id": "5",
            "actual_ending_page": "page0026.txt"
        }
    ]
}